{"cameraMode":{"drawMode":0,"name":"Shaded","section":"Shading Mode"},"sceneLighting":true,"audioPlay":false,"sceneViewState":{"showFog":true,"showMaterialUpdate":false,"showSkybox":true,"showFlares":true,"showImageEffects":true,"showParticleSystems":true},"in2DMode":false,"pivot":{"x":0.6800000667572022,"y":3.0,"z":0.6700000762939453},"rotation":{"x":0.5551047325134277,"y":0.21690765023231507,"z":-0.15273360908031465,"w":0.7883421778678894},"size":2.842303514480591,"orthographic":true}